"columna","descripcion","tipo_raw","tipo_esperado","unidad","admite_nulos","faltante_se_representa_como","valor_min","valor_max","regla_validez","origen_definicion","hallazgos","observaciones"
"sigla","Nombre del pozo físico (el agujero perforado). Para identificarlo se usa la sigla normalizada (mayúsculas y sin espacios sobrantes): 78.299 pozos físicos","str","texto","-","No","-","-","-","No vacío; se repite solo si el pozo produce de varias formaciones","Inferido","H-08, H-23, H-25, H-26","Parece seguir el patrón EMPRESA.PROVINCIA.YACIMIENTO-NÚMERO (a confirmar). Se repite en 13.421 filas: casi siempre es el mismo pozo con varias formaciones (la formación cambia en el 97,8% de los grupos). 353 filas repiten sigla y formación: posibles cargas duplicadas. 37 siglas se escriben de más de una forma (por ejemplo NQ y Nq) y 202 tienen espacios sobrantes. La sigla original no se modifica: puede tener minúsculas con significado (a confirmar)"
"idpozo","Identificador numérico de la combinación pozo + formación productiva. Un pozo físico que produce de varias formaciones tiene un idpozo por cada una. Clave para cruzar con los archivos de producción","int64","entero","-","No","-","1","-","Único y mayor a 0","Verificado en el dato","H-08","Verificado en 01: 85.611 valores, 0 repetidos, 0 nulos. Contar idpozo NO da la cantidad de pozos físicos (para eso, contar la sigla normalizada). Definición corregida en v1.1"
"area","Nombre del área (bloque o concesión) donde está el pozo. Es una etiqueta descriptiva: para identificar el área se usa cod_area","str","texto","-","No","-","-","-","No vacío","Inferido","H-17, H-25","457 nombres para 464 códigos: 7 áreas tienen más de un código. Sin espacios sobrantes son 10 áreas con más de un código (1.074 valores con espacios sobrantes)"
"cod_area","Código del área. Es la referencia para identificar el área (decisión D-9): distingue partes que el nombre mezcla","str","texto","-","No","-","-","-","Cada código corresponde a un solo nombre de área","Verificado en el dato","H-17","Verificado: cada código tiene un único nombre; al revés no (un nombre puede tener varios códigos). Patrones: un segundo código terminado en R, sin empresa, parece la parte revertida del área (a confirmar); un área que cruza provincias tiene un código por provincia"
"empresa","Empresa operadora del pozo","str","texto","-","Sí (hoy)","celda vacía","-","-","No vacío","Inferido","H-01, H-25","964 vacías (1,1%); la mayoría son pozos Abandonados (569). 78 empresas distintas. 4.241 valores con espacios sobrantes"
"yacimiento","Nombre del yacimiento (campo productivo) dentro del área. Es una etiqueta descriptiva: para identificar el yacimiento se usa cod_yacimiento","str","texto","-","No","-","-","-","No vacío","Inferido","H-22, H-25, H-27","1.184 nombres para 1.316 códigos: 88 nombres tienen más de un código. Posible nombre repetido en distintas áreas; a investigar. Sin espacios sobrantes son 94 nombres con más de un código (358 valores con espacios sobrantes). 'POZOS SIN YACIMIENTO' (513 pozos, 34 códigos) no es un yacimiento: indica que el pozo no pertenece a ninguno. Es un valor válido, no un faltante (D-9)"
"cod_yacimiento","Código del yacimiento. Es la referencia para identificar el yacimiento (decisión D-9)","str","texto","-","No","-","-","-","Cada código corresponde a un solo nombre de yacimiento","Verificado en el dato","H-22","Verificado: cada código tiene un único nombre. 86 de los 94 nombres con varios códigos son el mismo nombre en áreas distintas: el código identifica la parte de cada área"
"formacion","Formación geológica (capa de roca) de la que produce el pozo","str","texto","-","Sí (hoy)","celda vacía","-","-","No vacío","Inferido","H-02, H-16, H-25","2.815 vacías (3,3%). Único campo en minúsculas. Incluye el valor 'formación improductiva'. 79 valores con espacios sobrantes. Las minúsculas se conservan (decisión D-8)"
"cuenca","Cuenca sedimentaria donde está el pozo","str","categoría","-","No","-","-","-","GOLFO SAN JORGE, NEUQUINA, CUYANA, AUSTRAL, NOROESTE, NORESTE, LOS BOLSONES, CAÑADON ASFALTO, ÑIRIHUAU, GENERAL LEVALLE","Inferido","-","10 valores. Vaca Muerta está en la cuenca NEUQUINA"
"provincia","Jurisdicción donde está el pozo: la provincia, o 'Estado Nacional' para los pozos costa afuera de jurisdicción nacional. A pesar del nombre de la columna, contiene la jurisdicción","str","categoría","-","No","-","-","-","Una de las 12 provincias observadas o 'Estado Nacional'","Inferido","H-18","'Estado Nacional' (75 pozos, cuenca Austral, costa afuera) es una jurisdicción válida, no un error (D-10): según la Ley 26.197, el mar a más de 12 millas de la costa es jurisdicción nacional (a confirmar). Por eso un mismo yacimiento puede repartirse entre provincias y Estado Nacional (Magallanes). 'Rio Negro' figura sin tilde y 'Neuquén' con tilde. La columna no se renombra: los archivos de producción usan el mismo nombre"
"cota","Altura del terreno en la boca del pozo sobre el nivel del mar","float64","decimal","m s.n.m. (a confirmar)","Sí (desde D-6)","0 real costa afuera; 0 en tierra es sospechoso (D-6)","-105","6961","Cota 0 válida solo costa afuera (Magallanes, Estado Nacional). No mayor que la altura máxima de su provincia. 0 en tierra: se conserva y se marca cota_sospechosa; valores imposibles: nulo + marca (D-6)","Inferido","H-12, H-24","La unidad no está documentada por la fuente. Límites del país: -105 (Laguna del Carbón) y 6.961 (Aconcagua). -100 en Mendoza y 5.543 en Neuquén son imposibles en su contexto. 225 pozos con cota 0 (117 costa afuera, 108 en tierra)"
"profundidad","Profundidad total del pozo","float64","decimal","m (a confirmar)","Sí (desde D-5)","0 (= no informado, D-5)","1","10000","Fuera del rango: nulo + marca profundidad_sospechosa (D-5)","Inferido","H-10, H-11","A confirmar si es profundidad medida o vertical. 10.299 pozos con 0 y 7 con más de 10.000 m (máx. 378.939)"
"clasificacion","Finalidad general del pozo","str","categoría","-","Sí (hoy)","'No informado'","-","-","EXPLOTACION, EXPLORACION, SERVICIO, ALMACENAMIENTO","Inferido","H-03","18.199 'No informado' (21,3%). Verificado: son exactamente las mismas filas que en subclasificacion"
"subclasificacion","Finalidad detallada del pozo (desarrollo, avanzada, inyector, etc.)","str","categoría","-","Sí (hoy)","'No informado'","-","-","Uno de los 15 valores observados","Inferido","H-03","Depende de clasificacion. El valor EXPLORACION aparece en las dos columnas"
"tipo_recurso","Tipo de reservorio: convencional o no convencional","str","categoría","-","Sí (hoy)","'No informado'","-","-","CONVENCIONAL, NO CONVENCIONAL, SIN RESERVORIO, NO DISCRIMINADO","Inferido","H-04, H-21","21.859 'No informado' (25,5%). NO CONVENCIONAL = Vaca Muerta y similares. 1 pozo CONVENCIONAL tiene subtipo TIGHT (H-21): se conservan los dos valores y se marca recurso_inconsistente (D-12)"
"sub_tipo_recurso","Tipo de no convencional: SHALE (roca generadora) o TIGHT (arena compacta)","str","categoría","-","Sí","'No informado'","-","-","SHALE o TIGHT si tipo_recurso = NO CONVENCIONAL; vacío en el resto","Verificado en el dato","H-05, H-20, H-21","Verificado: solo aplica a pozos NO CONVENCIONAL. Para 58.319 convencionales 'No informado' significa 'no aplica', no dato faltante. Faltante real: 4 pozos. 1 pozo CONVENCIONAL figura como TIGHT. La regla 'NO APLICA' de D-1 se aplica solo a los valores 'No informado': el TIGHT del pozo 114385 se conserva y se marca (D-12)"
"gasplus","Indica si el pozo está en el programa de incentivo Gas Plus","str","booleano","-","No","-","-","-","si / no","Inferido","-","1.114 'si'. Viene como texto; conviene convertirlo a verdadero/falso"
"tipopozo","Tipo de pozo según el fluido o el uso","str","categoría","-","Sí (hoy)","'No informado'","-","-","Uno de los 9 valores observados","Inferido","H-06","55 'No informado'; verificado: son las mismas 55 filas en tipoextraccion y tipoestado"
"tipoextraccion","Sistema de extracción del pozo (bombeo mecánico, surgencia, etc.)","str","categoría","-","Sí (hoy)","'No informado'","-","-","Uno de los 11 valores observados","Inferido","H-06","43.325 'Sin Sistema de Extracción': es un valor real, no un faltante"
"tipoestado","Estado operativo actual del pozo","str","categoría","-","Sí (hoy)","'No informado'","-","-","Uno de los 16 valores observados","Inferido","H-06","El más frecuente es 'Extracción Efectiva' (26.014), seguido de 'Abandonado' (20.434)"
"adjiv_fecha_inicio_perf","Fecha de inicio de la perforación","str","fecha","AAAA-MM-DD","Sí","celda vacía","1900-01-02","2026-09-23","1900-01-01 es un valor de relleno. Máximo = fecha de descarga del archivo","Inferido","H-07, H-13, H-15","'adjiv' probablemente significa Adjunto IV (a confirmar). 39,7% vacía; 37 con 1900-01-01"
"adjiv_fecha_fin_perf","Fecha de fin de la perforación","str","fecha","AAAA-MM-DD","Sí","celda vacía","1900-01-02","2026-09-23","Mayor o igual que adjiv_fecha_inicio_perf","Inferido","H-13, H-14, H-15","3 pozos con fin anterior al inicio"
"adjiv_fecha_inicio_term","Fecha de inicio de la terminación (preparación del pozo para producir)","str","fecha","AAAA-MM-DD","Sí","celda vacía","1900-01-02","2026-09-23","Fecha válida; se espera que sea posterior al fin de la perforación (a confirmar)","Inferido","H-13, H-15","42,6% vacía"
"adjiv_fecha_fin_term","Fecha de fin de la terminación","str","fecha","AAAA-MM-DD","Sí","celda vacía","1900-01-02","2026-09-23","Mayor o igual que adjiv_fecha_inicio_term","Inferido","H-13, H-15","42,6% vacía"
"geojson","Ubicación del pozo como punto GeoJSON [longitud, latitud]","str","texto (GeoJSON)","grados decimales, EPSG:4326","No","-","lon -74, lat -56","lon -53, lat -21.7","El punto debe caer dentro de la provincia indicada","Fuente oficial (sistema de coordenadas) / Verificado en el dato","H-09, H-19","La fuente publica el shapefile en EPSG:4326. 2 pozos (idpozo 10143 y 162058) tienen longitud y latitud invertidas. Los 2 pozos se corrigen intercambiando longitud y latitud, y se marcan con coordenadas_corregidas (D-11): corregidos, caen a 0,3 y 2,6 km del centro de su yacimiento"
"geom","La misma ubicación que geojson, en formato binario de base de datos (WKB hexadecimal)","str","texto (WKB)","EPSG:4326","No","-","-","-","Igual a geojson","Verificado en el dato","H-19","Verificado: coincide con geojson en las 85.611 filas y trae SRID 4326. Es redundante. La corrección de D-11 se aplica también acá, para que geom siga coincidiendo con geojson"
